timestamp,user_id,group,category,action,target_id,value,payload
2026-05-10T07:05:03.642Z,182094b2-cb44-4d47-bcdf-004656abc385,experiment,SYSTEM,SESSION_START,,,"Extension Activated"
2026-05-10T07:05:21.164Z,182094b2-cb44-4d47-bcdf-004656abc385,experiment,EDITOR,WINDOW_BLUR,,0,""
2026-05-10T07:05:26.625Z,182094b2-cb44-4d47-bcdf-004656abc385,experiment,EDITOR,WINDOW_FOCUS,,1,""
2026-05-10T07:07:30.099Z,182094b2-cb44-4d47-bcdf-004656abc385,experiment,EDITOR,WINDOW_BLUR,,0,""
2026-05-10T07:07:44.924Z,182094b2-cb44-4d47-bcdf-004656abc385,experiment,EDITOR,WINDOW_FOCUS,,1,""
2026-05-10T07:07:54.632Z,182094b2-cb44-4d47-bcdf-004656abc385,experiment,EDITOR,WINDOW_BLUR,,0,""
2026-05-10T07:08:06.245Z,182094b2-cb44-4d47-bcdf-004656abc385,experiment,EDITOR,WINDOW_FOCUS,,1,""
2026-05-10T07:08:16.946Z,182094b2-cb44-4d47-bcdf-004656abc385,experiment,EDITOR,WINDOW_BLUR,,0,""
2026-05-10T07:08:27.295Z,182094b2-cb44-4d47-bcdf-004656abc385,experiment,EDITOR,WINDOW_FOCUS,,1,""
2026-05-10T07:09:13.466Z,182094b2-cb44-4d47-bcdf-004656abc385,experiment,EDITOR,WINDOW_BLUR,,0,""
2026-05-10T07:09:42.817Z,182094b2-cb44-4d47-bcdf-004656abc385,experiment,EDITOR,WINDOW_FOCUS,,1,""
2026-05-10T07:10:12.115Z,182094b2-cb44-4d47-bcdf-004656abc385,experiment,EDITOR,WINDOW_BLUR,,0,""
2026-05-10T07:10:36.306Z,182094b2-cb44-4d47-bcdf-004656abc385,experiment,EDITOR,WINDOW_FOCUS,,1,""
2026-05-10T07:10:42.296Z,182094b2-cb44-4d47-bcdf-004656abc385,experiment,EDITOR,COPY_TEXT,,52,""
2026-05-10T07:11:41.798Z,182094b2-cb44-4d47-bcdf-004656abc385,experiment,EDITOR,WINDOW_BLUR,,0,""
2026-05-10T07:11:42.981Z,182094b2-cb44-4d47-bcdf-004656abc385,experiment,EDITOR,WINDOW_FOCUS,,1,""
2026-05-10T07:11:49.173Z,182094b2-cb44-4d47-bcdf-004656abc385,experiment,EDITOR,WINDOW_BLUR,,0,""
2026-05-10T07:11:50.948Z,182094b2-cb44-4d47-bcdf-004656abc385,experiment,EDITOR,WINDOW_FOCUS,,1,""
2026-05-10T07:12:32.159Z,182094b2-cb44-4d47-bcdf-004656abc385,experiment,EDITOR,WINDOW_BLUR,,0,""
2026-05-10T07:12:33.664Z,182094b2-cb44-4d47-bcdf-004656abc385,experiment,EDITOR,WINDOW_FOCUS,,1,""
2026-05-10T07:13:03.738Z,182094b2-cb44-4d47-bcdf-004656abc385,experiment,EDITOR,WINDOW_BLUR,,0,""
2026-05-10T07:13:06.184Z,182094b2-cb44-4d47-bcdf-004656abc385,experiment,EDITOR,WINDOW_FOCUS,,1,""
2026-05-10T07:13:06.317Z,182094b2-cb44-4d47-bcdf-004656abc385,experiment,EDITOR,COPY_TEXT,,293,""
2026-05-10T07:13:07.520Z,182094b2-cb44-4d47-bcdf-004656abc385,experiment,EDITOR,WINDOW_BLUR,,0,""
2026-05-10T07:13:39.527Z,182094b2-cb44-4d47-bcdf-004656abc385,experiment,EDITOR,WINDOW_FOCUS,,1,""
2026-05-10T07:13:39.698Z,182094b2-cb44-4d47-bcdf-004656abc385,experiment,EDITOR,COPY_TEXT,,293,""
2026-05-10T07:14:17.688Z,182094b2-cb44-4d47-bcdf-004656abc385,experiment,EDITOR,WINDOW_BLUR,,0,""
2026-05-10T07:14:18.756Z,182094b2-cb44-4d47-bcdf-004656abc385,experiment,EDITOR,WINDOW_FOCUS,,1,""
2026-05-10T07:14:30.503Z,182094b2-cb44-4d47-bcdf-004656abc385,experiment,EDITOR,WINDOW_BLUR,,0,""
2026-05-10T07:14:55.580Z,182094b2-cb44-4d47-bcdf-004656abc385,experiment,EDITOR,WINDOW_FOCUS,,1,""
2026-05-10T07:14:56.563Z,182094b2-cb44-4d47-bcdf-004656abc385,experiment,EDITOR,WINDOW_BLUR,,0,""
2026-05-10T07:15:25.068Z,182094b2-cb44-4d47-bcdf-004656abc385,experiment,EDITOR,WINDOW_BLUR,,0,""
2026-05-10T07:24:24.082Z,182094b2-cb44-4d47-bcdf-004656abc385,experiment,EDITOR,WINDOW_FOCUS,,1,""
2026-05-10T07:24:27.585Z,182094b2-cb44-4d47-bcdf-004656abc385,experiment,EDITOR,WINDOW_BLUR,,0,""
2026-05-10T07:26:13.474Z,182094b2-cb44-4d47-bcdf-004656abc385,experiment,EDITOR,WINDOW_BLUR,,0,""
2026-05-10T07:26:13.508Z,182094b2-cb44-4d47-bcdf-004656abc385,experiment,EDITOR,WINDOW_FOCUS,,1,""
2026-05-10T07:26:17.910Z,182094b2-cb44-4d47-bcdf-004656abc385,experiment,EDITOR,WINDOW_BLUR,,0,""
2026-05-10T07:26:23.404Z,182094b2-cb44-4d47-bcdf-004656abc385,experiment,EDITOR,WINDOW_FOCUS,,1,""
2026-05-10T07:26:31.065Z,182094b2-cb44-4d47-bcdf-004656abc385,experiment,EDITOR,COPY_TEXT,,1,""
2026-05-10T07:26:31.098Z,182094b2-cb44-4d47-bcdf-004656abc385,experiment,EDITOR,COPY_TEXT,,2,""
2026-05-10T07:26:31.132Z,182094b2-cb44-4d47-bcdf-004656abc385,experiment,EDITOR,COPY_TEXT,,3,""
2026-05-10T07:26:31.149Z,182094b2-cb44-4d47-bcdf-004656abc385,experiment,EDITOR,COPY_TEXT,,4,""
2026-05-10T07:26:31.165Z,182094b2-cb44-4d47-bcdf-004656abc385,experiment,EDITOR,COPY_TEXT,,5,""
2026-05-10T07:26:31.199Z,182094b2-cb44-4d47-bcdf-004656abc385,experiment,EDITOR,COPY_TEXT,,6,""
2026-05-10T07:26:31.249Z,182094b2-cb44-4d47-bcdf-004656abc385,experiment,EDITOR,COPY_TEXT,,7,""
2026-05-10T07:26:31.315Z,182094b2-cb44-4d47-bcdf-004656abc385,experiment,EDITOR,COPY_TEXT,,8,""
2026-05-10T07:26:31.415Z,182094b2-cb44-4d47-bcdf-004656abc385,experiment,EDITOR,COPY_TEXT,,9,""
2026-05-10T07:26:31.482Z,182094b2-cb44-4d47-bcdf-004656abc385,experiment,EDITOR,COPY_TEXT,,10,""
2026-05-10T07:26:31.958Z,182094b2-cb44-4d47-bcdf-004656abc385,experiment,EDITOR,COPY_TEXT,,11,""
2026-05-10T07:26:36.830Z,182094b2-cb44-4d47-bcdf-004656abc385,experiment,EDITOR,COPY_TEXT,,1,""
2026-05-10T07:26:36.845Z,182094b2-cb44-4d47-bcdf-004656abc385,experiment,EDITOR,COPY_TEXT,,2,""
2026-05-10T07:26:36.862Z,182094b2-cb44-4d47-bcdf-004656abc385,experiment,EDITOR,COPY_TEXT,,4,""
2026-05-10T07:26:36.879Z,182094b2-cb44-4d47-bcdf-004656abc385,experiment,EDITOR,COPY_TEXT,,6,""
2026-05-10T07:26:36.896Z,182094b2-cb44-4d47-bcdf-004656abc385,experiment,EDITOR,COPY_TEXT,,8,""
2026-05-10T07:26:36.912Z,182094b2-cb44-4d47-bcdf-004656abc385,experiment,EDITOR,COPY_TEXT,,29,""
2026-05-10T07:26:36.929Z,182094b2-cb44-4d47-bcdf-004656abc385,experiment,EDITOR,COPY_TEXT,,28,""
2026-05-10T07:26:36.952Z,182094b2-cb44-4d47-bcdf-004656abc385,experiment,EDITOR,COPY_TEXT,,27,""
2026-05-10T07:26:36.972Z,182094b2-cb44-4d47-bcdf-004656abc385,experiment,EDITOR,COPY_TEXT,,26,""
2026-05-10T07:26:36.998Z,182094b2-cb44-4d47-bcdf-004656abc385,experiment,EDITOR,COPY_TEXT,,25,""
2026-05-10T07:26:37.035Z,182094b2-cb44-4d47-bcdf-004656abc385,experiment,EDITOR,COPY_TEXT,,24,""
2026-05-10T07:26:37.113Z,182094b2-cb44-4d47-bcdf-004656abc385,experiment,EDITOR,COPY_TEXT,,23,""
2026-05-10T07:26:37.196Z,182094b2-cb44-4d47-bcdf-004656abc385,experiment,EDITOR,COPY_TEXT,,16,""
2026-05-10T07:26:37.479Z,182094b2-cb44-4d47-bcdf-004656abc385,experiment,EDITOR,COPY_TEXT,,17,""
2026-05-10T07:26:37.513Z,182094b2-cb44-4d47-bcdf-004656abc385,experiment,EDITOR,COPY_TEXT,,18,""
2026-05-10T07:26:37.762Z,182094b2-cb44-4d47-bcdf-004656abc385,experiment,EDITOR,COPY_TEXT,,17,""
2026-05-10T07:26:42.608Z,182094b2-cb44-4d47-bcdf-004656abc385,experiment,EDITOR,COPY_TEXT,,48,""
2026-05-10T07:26:43.009Z,182094b2-cb44-4d47-bcdf-004656abc385,experiment,EDITOR,COPY_TEXT,,52,""
2026-05-10T07:26:43.026Z,182094b2-cb44-4d47-bcdf-004656abc385,experiment,EDITOR,COPY_TEXT,,61,""
2026-05-10T07:26:43.310Z,182094b2-cb44-4d47-bcdf-004656abc385,experiment,EDITOR,COPY_TEXT,,46,""
2026-05-10T07:26:43.358Z,182094b2-cb44-4d47-bcdf-004656abc385,experiment,EDITOR,COPY_TEXT,,4,""
2026-05-10T07:26:43.376Z,182094b2-cb44-4d47-bcdf-004656abc385,experiment,EDITOR,COPY_TEXT,,7,""
2026-05-10T07:26:43.391Z,182094b2-cb44-4d47-bcdf-004656abc385,experiment,EDITOR,COPY_TEXT,,9,""
2026-05-10T07:26:43.409Z,182094b2-cb44-4d47-bcdf-004656abc385,experiment,EDITOR,COPY_TEXT,,36,""
2026-05-10T07:26:43.424Z,182094b2-cb44-4d47-bcdf-004656abc385,experiment,EDITOR,COPY_TEXT,,35,""
2026-05-10T07:26:43.508Z,182094b2-cb44-4d47-bcdf-004656abc385,experiment,EDITOR,COPY_TEXT,,36,""
2026-05-10T07:26:43.526Z,182094b2-cb44-4d47-bcdf-004656abc385,experiment,EDITOR,COPY_TEXT,,38,""
2026-05-10T07:26:43.542Z,182094b2-cb44-4d47-bcdf-004656abc385,experiment,EDITOR,COPY_TEXT,,39,""
2026-05-10T07:26:43.558Z,182094b2-cb44-4d47-bcdf-004656abc385,experiment,EDITOR,COPY_TEXT,,41,""
2026-05-10T07:26:43.574Z,182094b2-cb44-4d47-bcdf-004656abc385,experiment,EDITOR,COPY_TEXT,,42,""
2026-05-10T07:26:43.692Z,182094b2-cb44-4d47-bcdf-004656abc385,experiment,EDITOR,COPY_TEXT,,43,""
2026-05-10T07:26:43.760Z,182094b2-cb44-4d47-bcdf-004656abc385,experiment,EDITOR,COPY_TEXT,,44,""
2026-05-10T07:26:43.894Z,182094b2-cb44-4d47-bcdf-004656abc385,experiment,EDITOR,COPY_TEXT,,45,""
2026-05-10T07:26:46.048Z,182094b2-cb44-4d47-bcdf-004656abc385,experiment,EDITOR,COPY_TEXT,,1,""
2026-05-10T07:26:46.068Z,182094b2-cb44-4d47-bcdf-004656abc385,experiment,EDITOR,COPY_TEXT,,2,""
2026-05-10T07:26:46.112Z,182094b2-cb44-4d47-bcdf-004656abc385,experiment,EDITOR,COPY_TEXT,,3,""
2026-05-10T07:26:46.141Z,182094b2-cb44-4d47-bcdf-004656abc385,experiment,EDITOR,COPY_TEXT,,4,""
2026-05-10T07:26:46.177Z,182094b2-cb44-4d47-bcdf-004656abc385,experiment,EDITOR,COPY_TEXT,,5,""
2026-05-10T07:26:46.290Z,182094b2-cb44-4d47-bcdf-004656abc385,experiment,EDITOR,COPY_TEXT,,6,""
2026-05-10T07:26:46.440Z,182094b2-cb44-4d47-bcdf-004656abc385,experiment,EDITOR,COPY_TEXT,,7,""
2026-05-10T07:26:49.889Z,182094b2-cb44-4d47-bcdf-004656abc385,experiment,EDITOR,COPY_TEXT,,51,""
2026-05-10T07:26:49.905Z,182094b2-cb44-4d47-bcdf-004656abc385,experiment,EDITOR,COPY_TEXT,,55,""
2026-05-10T07:26:49.926Z,182094b2-cb44-4d47-bcdf-004656abc385,experiment,EDITOR,COPY_TEXT,,62,""
2026-05-10T07:26:49.945Z,182094b2-cb44-4d47-bcdf-004656abc385,experiment,EDITOR,COPY_TEXT,,112,""
2026-05-10T07:26:49.983Z,182094b2-cb44-4d47-bcdf-004656abc385,experiment,EDITOR,COPY_TEXT,,168,""
2026-05-10T07:26:50.001Z,182094b2-cb44-4d47-bcdf-004656abc385,experiment,EDITOR,COPY_TEXT,,171,""
2026-05-10T07:26:50.098Z,182094b2-cb44-4d47-bcdf-004656abc385,experiment,EDITOR,COPY_TEXT,,208,""
2026-05-10T07:26:50.347Z,182094b2-cb44-4d47-bcdf-004656abc385,experiment,EDITOR,COPY_TEXT,,184,""
2026-05-10T07:26:51.023Z,182094b2-cb44-4d47-bcdf-004656abc385,experiment,EDITOR,COPY_TEXT,,140,""
2026-05-10T07:27:27.323Z,182094b2-cb44-4d47-bcdf-004656abc385,experiment,EDITOR,WINDOW_BLUR,,0,""
2026-05-10T07:28:23.495Z,182094b2-cb44-4d47-bcdf-004656abc385,experiment,EDITOR,WINDOW_BLUR,,0,""
2026-05-10T07:29:56.389Z,182094b2-cb44-4d47-bcdf-004656abc385,experiment,EDITOR,WINDOW_BLUR,,0,""
2026-05-10T07:29:56.407Z,182094b2-cb44-4d47-bcdf-004656abc385,experiment,EDITOR,WINDOW_FOCUS,,1,""
2026-05-10T07:30:05.897Z,182094b2-cb44-4d47-bcdf-004656abc385,experiment,EDITOR,WINDOW_BLUR,,0,""
2026-05-10T07:30:14.215Z,182094b2-cb44-4d47-bcdf-004656abc385,experiment,EDITOR,WINDOW_FOCUS,,1,""
2026-05-10T07:30:15.703Z,182094b2-cb44-4d47-bcdf-004656abc385,experiment,EDITOR,COPY_TEXT,,53,""
2026-05-10T07:30:15.720Z,182094b2-cb44-4d47-bcdf-004656abc385,experiment,EDITOR,COPY_TEXT,,108,""
2026-05-10T07:30:15.735Z,182094b2-cb44-4d47-bcdf-004656abc385,experiment,EDITOR,COPY_TEXT,,179,""
2026-05-10T07:30:15.755Z,182094b2-cb44-4d47-bcdf-004656abc385,experiment,EDITOR,COPY_TEXT,,229,""
2026-05-10T07:30:15.789Z,182094b2-cb44-4d47-bcdf-004656abc385,experiment,EDITOR,COPY_TEXT,,271,""
2026-05-10T07:30:15.821Z,182094b2-cb44-4d47-bcdf-004656abc385,experiment,EDITOR,COPY_TEXT,,310,""
2026-05-10T07:30:15.920Z,182094b2-cb44-4d47-bcdf-004656abc385,experiment,EDITOR,COPY_TEXT,,360,""
2026-05-10T07:30:16.103Z,182094b2-cb44-4d47-bcdf-004656abc385,experiment,EDITOR,COPY_TEXT,,392,""
2026-05-10T07:30:21.834Z,182094b2-cb44-4d47-bcdf-004656abc385,experiment,EDITOR,COPY_TEXT,,2,""
2026-05-10T07:30:21.851Z,182094b2-cb44-4d47-bcdf-004656abc385,experiment,EDITOR,COPY_TEXT,,6,""
2026-05-10T07:30:21.866Z,182094b2-cb44-4d47-bcdf-004656abc385,experiment,EDITOR,COPY_TEXT,,78,""
2026-05-10T07:30:21.884Z,182094b2-cb44-4d47-bcdf-004656abc385,experiment,EDITOR,COPY_TEXT,,149,""
2026-05-10T07:30:21.901Z,182094b2-cb44-4d47-bcdf-004656abc385,experiment,EDITOR,COPY_TEXT,,154,""
2026-05-10T07:30:21.917Z,182094b2-cb44-4d47-bcdf-004656abc385,experiment,EDITOR,COPY_TEXT,,165,""
2026-05-10T07:30:21.934Z,182094b2-cb44-4d47-bcdf-004656abc385,experiment,EDITOR,COPY_TEXT,,242,""
2026-05-10T07:30:21.960Z,182094b2-cb44-4d47-bcdf-004656abc385,experiment,EDITOR,COPY_TEXT,,246,""
2026-05-10T07:30:21.968Z,182094b2-cb44-4d47-bcdf-004656abc385,experiment,EDITOR,COPY_TEXT,,294,""
2026-05-10T07:30:22.052Z,182094b2-cb44-4d47-bcdf-004656abc385,experiment,EDITOR,COPY_TEXT,,345,""
2026-05-10T07:30:22.336Z,182094b2-cb44-4d47-bcdf-004656abc385,experiment,EDITOR,COPY_TEXT,,388,""
2026-05-10T07:30:22.515Z,182094b2-cb44-4d47-bcdf-004656abc385,experiment,EDITOR,COPY_TEXT,,439,""
2026-05-10T07:30:26.913Z,182094b2-cb44-4d47-bcdf-004656abc385,experiment,EDITOR,WINDOW_BLUR,,0,""
2026-05-10T07:30:29.962Z,182094b2-cb44-4d47-bcdf-004656abc385,experiment,EDITOR,WINDOW_FOCUS,,1,""
2026-05-10T07:30:42.456Z,182094b2-cb44-4d47-bcdf-004656abc385,experiment,EDITOR,WINDOW_BLUR,,0,""
2026-05-10T07:31:19.891Z,182094b2-cb44-4d47-bcdf-004656abc385,experiment,EDITOR,WINDOW_FOCUS,,1,""
2026-05-10T07:31:24.997Z,182094b2-cb44-4d47-bcdf-004656abc385,experiment,EDITOR,WINDOW_BLUR,,0,""
2026-05-10T07:31:26.607Z,182094b2-cb44-4d47-bcdf-004656abc385,experiment,EDITOR,WINDOW_FOCUS,,1,""
2026-05-10T07:31:28.471Z,182094b2-cb44-4d47-bcdf-004656abc385,experiment,EDITOR,WINDOW_BLUR,,0,""
2026-05-10T07:31:29.633Z,182094b2-cb44-4d47-bcdf-004656abc385,experiment,EDITOR,WINDOW_FOCUS,,1,""
2026-05-10T07:32:32.132Z,182094b2-cb44-4d47-bcdf-004656abc385,experiment,EDITOR,WINDOW_BLUR,,0,""
2026-05-10T07:32:37.318Z,182094b2-cb44-4d47-bcdf-004656abc385,experiment,EDITOR,WINDOW_FOCUS,,1,""
2026-05-10T07:32:40.456Z,182094b2-cb44-4d47-bcdf-004656abc385,experiment,EDITOR,WINDOW_BLUR,,0,""
2026-05-10T07:32:41.110Z,182094b2-cb44-4d47-bcdf-004656abc385,experiment,EDITOR,WINDOW_FOCUS,,1,""
2026-05-10T07:32:41.113Z,182094b2-cb44-4d47-bcdf-004656abc385,experiment,EDITOR,COPY_TEXT,,140,""
2026-05-10T07:32:43.728Z,182094b2-cb44-4d47-bcdf-004656abc385,experiment,EDITOR,WINDOW_BLUR,,0,""
2026-05-10T07:32:45.161Z,182094b2-cb44-4d47-bcdf-004656abc385,experiment,EDITOR,WINDOW_FOCUS,,1,""
2026-05-10T07:32:47.727Z,182094b2-cb44-4d47-bcdf-004656abc385,experiment,EDITOR,COPY_TEXT,,594,""
2026-05-10T07:33:33.062Z,182094b2-cb44-4d47-bcdf-004656abc385,experiment,EDITOR,WINDOW_BLUR,,0,""
2026-05-10T07:34:06.413Z,182094b2-cb44-4d47-bcdf-004656abc385,experiment,EDITOR,WINDOW_BLUR,,0,""
2026-05-10T07:34:23.983Z,182094b2-cb44-4d47-bcdf-004656abc385,experiment,EDITOR,WINDOW_FOCUS,,1,""
2026-05-10T07:34:28.918Z,182094b2-cb44-4d47-bcdf-004656abc385,experiment,EDITOR,WINDOW_FOCUS,,1,""
2026-05-10T07:34:36.105Z,182094b2-cb44-4d47-bcdf-004656abc385,experiment,EDITOR,COPY_TEXT,,1,""
2026-05-10T07:34:36.122Z,182094b2-cb44-4d47-bcdf-004656abc385,experiment,EDITOR,COPY_TEXT,,2,""
2026-05-10T07:34:36.137Z,182094b2-cb44-4d47-bcdf-004656abc385,experiment,EDITOR,COPY_TEXT,,3,""
2026-05-10T07:34:36.171Z,182094b2-cb44-4d47-bcdf-004656abc385,experiment,EDITOR,COPY_TEXT,,4,""
2026-05-10T07:34:36.203Z,182094b2-cb44-4d47-bcdf-004656abc385,experiment,EDITOR,COPY_TEXT,,5,""
2026-05-10T07:34:36.240Z,182094b2-cb44-4d47-bcdf-004656abc385,experiment,EDITOR,COPY_TEXT,,6,""
2026-05-10T07:34:36.303Z,182094b2-cb44-4d47-bcdf-004656abc385,experiment,EDITOR,COPY_TEXT,,7,""
2026-05-10T07:34:36.586Z,182094b2-cb44-4d47-bcdf-004656abc385,experiment,EDITOR,COPY_TEXT,,8,""
2026-05-10T07:34:48.564Z,182094b2-cb44-4d47-bcdf-004656abc385,experiment,EDITOR,WINDOW_BLUR,,0,""
2026-05-10T07:35:38.930Z,182094b2-cb44-4d47-bcdf-004656abc385,experiment,EDITOR,WINDOW_BLUR,,0,""
2026-05-10T07:35:40.725Z,182094b2-cb44-4d47-bcdf-004656abc385,experiment,EDITOR,WINDOW_BLUR,,0,""
2026-05-10T07:35:40.774Z,182094b2-cb44-4d47-bcdf-004656abc385,experiment,EDITOR,WINDOW_FOCUS,,1,""
2026-05-10T07:35:41.023Z,182094b2-cb44-4d47-bcdf-004656abc385,experiment,EDITOR,COPY_TEXT,,1125,""
2026-05-10T07:37:07.286Z,182094b2-cb44-4d47-bcdf-004656abc385,experiment,EDITOR,WINDOW_BLUR,,0,""
2026-05-10T07:37:50.742Z,182094b2-cb44-4d47-bcdf-004656abc385,experiment,EDITOR,WINDOW_BLUR,,0,""
2026-05-10T07:37:53.588Z,182094b2-cb44-4d47-bcdf-004656abc385,experiment,EDITOR,WINDOW_BLUR,,0,""
2026-05-10T07:37:53.729Z,182094b2-cb44-4d47-bcdf-004656abc385,experiment,EDITOR,WINDOW_FOCUS,,1,""
2026-05-10T07:37:55.009Z,182094b2-cb44-4d47-bcdf-004656abc385,experiment,EDITOR,COPY_TEXT,,1021,""
2026-05-10T07:38:14.086Z,182094b2-cb44-4d47-bcdf-004656abc385,experiment,EDITOR,WINDOW_BLUR,,0,""
2026-05-10T07:38:15.078Z,182094b2-cb44-4d47-bcdf-004656abc385,experiment,EDITOR,WINDOW_FOCUS,,1,""
2026-05-10T07:38:16.546Z,182094b2-cb44-4d47-bcdf-004656abc385,experiment,EDITOR,COPY_TEXT,,1113,""
2026-05-10T07:38:33.346Z,182094b2-cb44-4d47-bcdf-004656abc385,experiment,EDITOR,WINDOW_BLUR,,0,""
2026-05-10T07:38:37.925Z,182094b2-cb44-4d47-bcdf-004656abc385,experiment,EDITOR,WINDOW_FOCUS,,1,""
2026-05-10T07:38:38.775Z,182094b2-cb44-4d47-bcdf-004656abc385,experiment,EDITOR,COPY_TEXT,,177,""
2026-05-10T07:38:44.066Z,182094b2-cb44-4d47-bcdf-004656abc385,experiment,EDITOR,WINDOW_BLUR,,0,""
2026-05-10T07:39:33.589Z,182094b2-cb44-4d47-bcdf-004656abc385,experiment,EDITOR,WINDOW_BLUR,,0,""
2026-05-10T07:39:35.182Z,182094b2-cb44-4d47-bcdf-004656abc385,experiment,EDITOR,WINDOW_FOCUS,,1,""
2026-05-10T07:39:47.801Z,182094b2-cb44-4d47-bcdf-004656abc385,experiment,EDITOR,WINDOW_FOCUS,,1,""
2026-05-10T07:41:17.930Z,182094b2-cb44-4d47-bcdf-004656abc385,experiment,EDITOR,WINDOW_BLUR,,0,""
2026-05-10T07:41:19.972Z,182094b2-cb44-4d47-bcdf-004656abc385,experiment,EDITOR,WINDOW_FOCUS,,1,""
2026-05-10T07:41:20.033Z,182094b2-cb44-4d47-bcdf-004656abc385,experiment,EDITOR,COPY_TEXT,,1137,""
2026-05-10T07:41:24.037Z,182094b2-cb44-4d47-bcdf-004656abc385,experiment,EDITOR,COPY_TEXT,,1,""
2026-05-10T07:41:24.057Z,182094b2-cb44-4d47-bcdf-004656abc385,experiment,EDITOR,COPY_TEXT,,3,""
2026-05-10T07:41:24.087Z,182094b2-cb44-4d47-bcdf-004656abc385,experiment,EDITOR,COPY_TEXT,,4,""
2026-05-10T07:41:24.122Z,182094b2-cb44-4d47-bcdf-004656abc385,experiment,EDITOR,COPY_TEXT,,5,""
2026-05-10T07:41:24.226Z,182094b2-cb44-4d47-bcdf-004656abc385,experiment,EDITOR,COPY_TEXT,,6,""
2026-05-10T07:41:24.320Z,182094b2-cb44-4d47-bcdf-004656abc385,experiment,EDITOR,COPY_TEXT,,7,""
2026-05-10T07:41:49.686Z,182094b2-cb44-4d47-bcdf-004656abc385,experiment,EDITOR,COPY_TEXT,,7,""
2026-05-10T07:41:50.749Z,182094b2-cb44-4d47-bcdf-004656abc385,experiment,EDITOR,COPY_TEXT,,1137,""
2026-05-10T07:41:55.101Z,182094b2-cb44-4d47-bcdf-004656abc385,experiment,EDITOR,COPY_TEXT,,58,""
2026-05-10T07:42:09.280Z,182094b2-cb44-4d47-bcdf-004656abc385,experiment,EDITOR,COPY_TEXT,,1,""
2026-05-10T07:42:09.331Z,182094b2-cb44-4d47-bcdf-004656abc385,experiment,EDITOR,COPY_TEXT,,2,""
2026-05-10T07:42:09.368Z,182094b2-cb44-4d47-bcdf-004656abc385,experiment,EDITOR,COPY_TEXT,,3,""
2026-05-10T07:42:09.416Z,182094b2-cb44-4d47-bcdf-004656abc385,experiment,EDITOR,COPY_TEXT,,4,""
2026-05-10T07:42:09.483Z,182094b2-cb44-4d47-bcdf-004656abc385,experiment,EDITOR,COPY_TEXT,,5,""
2026-05-10T07:42:09.564Z,182094b2-cb44-4d47-bcdf-004656abc385,experiment,EDITOR,COPY_TEXT,,6,""
2026-05-10T07:42:09.810Z,182094b2-cb44-4d47-bcdf-004656abc385,experiment,EDITOR,COPY_TEXT,,7,""
2026-05-10T07:42:27.719Z,182094b2-cb44-4d47-bcdf-004656abc385,experiment,EDITOR,COPY_TEXT,,3,""
2026-05-10T07:42:27.740Z,182094b2-cb44-4d47-bcdf-004656abc385,experiment,EDITOR,COPY_TEXT,,8,""
2026-05-10T07:42:27.754Z,182094b2-cb44-4d47-bcdf-004656abc385,experiment,EDITOR,COPY_TEXT,,13,""
2026-05-10T07:42:27.770Z,182094b2-cb44-4d47-bcdf-004656abc385,experiment,EDITOR,COPY_TEXT,,28,""
2026-05-10T07:42:27.785Z,182094b2-cb44-4d47-bcdf-004656abc385,experiment,EDITOR,COPY_TEXT,,38,""
2026-05-10T07:42:27.803Z,182094b2-cb44-4d47-bcdf-004656abc385,experiment,EDITOR,COPY_TEXT,,50,""
2026-05-10T07:42:27.839Z,182094b2-cb44-4d47-bcdf-004656abc385,experiment,EDITOR,COPY_TEXT,,55,""
2026-05-10T07:42:28.187Z,182094b2-cb44-4d47-bcdf-004656abc385,experiment,EDITOR,COPY_TEXT,,113,""
2026-05-10T07:42:38.379Z,182094b2-cb44-4d47-bcdf-004656abc385,experiment,EDITOR,COPY_TEXT,,56,""
2026-05-10T07:42:42.168Z,182094b2-cb44-4d47-bcdf-004656abc385,experiment,EDITOR,COPY_TEXT,,2,""
2026-05-10T07:42:42.170Z,182094b2-cb44-4d47-bcdf-004656abc385,experiment,EDITOR,COPY_TEXT,,3,""
2026-05-10T07:42:42.173Z,182094b2-cb44-4d47-bcdf-004656abc385,experiment,EDITOR,COPY_TEXT,,6,""
2026-05-10T07:42:42.177Z,182094b2-cb44-4d47-bcdf-004656abc385,experiment,EDITOR,COPY_TEXT,,8,""
2026-05-10T07:42:42.199Z,182094b2-cb44-4d47-bcdf-004656abc385,experiment,EDITOR,COPY_TEXT,,9,""
2026-05-10T07:42:42.206Z,182094b2-cb44-4d47-bcdf-004656abc385,experiment,EDITOR,COPY_TEXT,,11,""
2026-05-10T07:42:42.300Z,182094b2-cb44-4d47-bcdf-004656abc385,experiment,EDITOR,COPY_TEXT,,13,""
2026-05-10T07:42:42.430Z,182094b2-cb44-4d47-bcdf-004656abc385,experiment,EDITOR,COPY_TEXT,,14,""
2026-05-10T07:42:42.507Z,182094b2-cb44-4d47-bcdf-004656abc385,experiment,EDITOR,COPY_TEXT,,15,""
2026-05-10T07:42:44.756Z,182094b2-cb44-4d47-bcdf-004656abc385,experiment,EDITOR,COPY_TEXT,,38,""
2026-05-10T07:42:46.342Z,182094b2-cb44-4d47-bcdf-004656abc385,experiment,EDITOR,COPY_TEXT,,1,""
2026-05-10T07:42:46.364Z,182094b2-cb44-4d47-bcdf-004656abc385,experiment,EDITOR,COPY_TEXT,,3,""
2026-05-10T07:42:46.380Z,182094b2-cb44-4d47-bcdf-004656abc385,experiment,EDITOR,COPY_TEXT,,4,""
2026-05-10T07:42:46.396Z,182094b2-cb44-4d47-bcdf-004656abc385,experiment,EDITOR,COPY_TEXT,,5,""
2026-05-10T07:42:46.410Z,182094b2-cb44-4d47-bcdf-004656abc385,experiment,EDITOR,COPY_TEXT,,7,""
2026-05-10T07:42:46.425Z,182094b2-cb44-4d47-bcdf-004656abc385,experiment,EDITOR,COPY_TEXT,,9,""
2026-05-10T07:42:46.443Z,182094b2-cb44-4d47-bcdf-004656abc385,experiment,EDITOR,COPY_TEXT,,10,""
2026-05-10T07:42:46.460Z,182094b2-cb44-4d47-bcdf-004656abc385,experiment,EDITOR,COPY_TEXT,,11,""
2026-05-10T07:42:46.497Z,182094b2-cb44-4d47-bcdf-004656abc385,experiment,EDITOR,COPY_TEXT,,12,""
2026-05-10T07:42:46.545Z,182094b2-cb44-4d47-bcdf-004656abc385,experiment,EDITOR,COPY_TEXT,,13,""
2026-05-10T07:42:46.610Z,182094b2-cb44-4d47-bcdf-004656abc385,experiment,EDITOR,COPY_TEXT,,14,""
2026-05-10T07:42:46.630Z,182094b2-cb44-4d47-bcdf-004656abc385,experiment,EDITOR,COPY_TEXT,,15,""
2026-05-10T07:42:46.688Z,182094b2-cb44-4d47-bcdf-004656abc385,experiment,EDITOR,COPY_TEXT,,16,""
2026-05-10T07:42:46.941Z,182094b2-cb44-4d47-bcdf-004656abc385,experiment,EDITOR,COPY_TEXT,,15,""
2026-05-10T07:42:54.691Z,182094b2-cb44-4d47-bcdf-004656abc385,experiment,EDITOR,WINDOW_BLUR,,0,""
2026-05-10T07:43:07.370Z,182094b2-cb44-4d47-bcdf-004656abc385,experiment,EDITOR,WINDOW_FOCUS,,1,""
2026-05-10T07:43:11.345Z,182094b2-cb44-4d47-bcdf-004656abc385,experiment,EDITOR,WINDOW_BLUR,,0,""
2026-05-10T07:43:13.185Z,182094b2-cb44-4d47-bcdf-004656abc385,experiment,EDITOR,WINDOW_FOCUS,,1,""
2026-05-10T07:43:17.226Z,182094b2-cb44-4d47-bcdf-004656abc385,experiment,EDITOR,WINDOW_BLUR,,0,""
2026-05-10T07:43:19.511Z,182094b2-cb44-4d47-bcdf-004656abc385,experiment,EDITOR,WINDOW_FOCUS,,1,""
2026-05-10T07:43:30.332Z,182094b2-cb44-4d47-bcdf-004656abc385,experiment,EDITOR,COPY_TEXT,,1,""
2026-05-10T07:43:30.382Z,182094b2-cb44-4d47-bcdf-004656abc385,experiment,EDITOR,COPY_TEXT,,2,""
2026-05-10T07:43:30.413Z,182094b2-cb44-4d47-bcdf-004656abc385,experiment,EDITOR,COPY_TEXT,,3,""
2026-05-10T07:43:30.453Z,182094b2-cb44-4d47-bcdf-004656abc385,experiment,EDITOR,COPY_TEXT,,4,""
2026-05-10T07:43:30.465Z,182094b2-cb44-4d47-bcdf-004656abc385,experiment,EDITOR,COPY_TEXT,,5,""
2026-05-10T07:43:30.513Z,182094b2-cb44-4d47-bcdf-004656abc385,experiment,EDITOR,COPY_TEXT,,6,""
2026-05-10T07:43:30.584Z,182094b2-cb44-4d47-bcdf-004656abc385,experiment,EDITOR,COPY_TEXT,,7,""
2026-05-10T07:43:30.730Z,182094b2-cb44-4d47-bcdf-004656abc385,experiment,EDITOR,COPY_TEXT,,8,""
2026-05-10T07:43:50.544Z,182094b2-cb44-4d47-bcdf-004656abc385,experiment,EDITOR,WINDOW_BLUR,,0,""
2026-05-10T07:43:51.581Z,182094b2-cb44-4d47-bcdf-004656abc385,experiment,EDITOR,WINDOW_FOCUS,,1,""
2026-05-10T07:43:53.737Z,182094b2-cb44-4d47-bcdf-004656abc385,experiment,EDITOR,WINDOW_BLUR,,0,""
2026-05-10T07:44:05.486Z,182094b2-cb44-4d47-bcdf-004656abc385,experiment,EDITOR,WINDOW_FOCUS,,1,""
2026-05-10T07:44:17.397Z,182094b2-cb44-4d47-bcdf-004656abc385,experiment,EDITOR,WINDOW_BLUR,,0,""
2026-05-10T07:44:21.487Z,182094b2-cb44-4d47-bcdf-004656abc385,experiment,EDITOR,WINDOW_FOCUS,,1,""
2026-05-10T07:44:35.381Z,182094b2-cb44-4d47-bcdf-004656abc385,experiment,EDITOR,WINDOW_BLUR,,0,""
2026-05-10T07:44:41.799Z,182094b2-cb44-4d47-bcdf-004656abc385,experiment,EDITOR,WINDOW_FOCUS,,1,""
2026-05-10T07:44:43.011Z,182094b2-cb44-4d47-bcdf-004656abc385,experiment,EDITOR,WINDOW_BLUR,,0,""
2026-05-10T07:44:56.117Z,182094b2-cb44-4d47-bcdf-004656abc385,experiment,EDITOR,WINDOW_FOCUS,,1,""
2026-05-10T07:45:17.420Z,182094b2-cb44-4d47-bcdf-004656abc385,experiment,EDITOR,COPY_TEXT,,15,""
2026-05-10T07:45:17.440Z,182094b2-cb44-4d47-bcdf-004656abc385,experiment,EDITOR,COPY_TEXT,,21,""
2026-05-10T07:45:17.886Z,182094b2-cb44-4d47-bcdf-004656abc385,experiment,EDITOR,COPY_TEXT,,19,""
2026-05-10T07:45:25.750Z,182094b2-cb44-4d47-bcdf-004656abc385,experiment,EDITOR,WINDOW_BLUR,,0,""
2026-05-10T07:45:47.365Z,182094b2-cb44-4d47-bcdf-004656abc385,experiment,EDITOR,WINDOW_FOCUS,,1,""
2026-05-10T07:45:51.912Z,182094b2-cb44-4d47-bcdf-004656abc385,experiment,EDITOR,WINDOW_BLUR,,0,""
2026-05-10T07:45:53.795Z,182094b2-cb44-4d47-bcdf-004656abc385,experiment,EDITOR,WINDOW_FOCUS,,1,""
2026-05-10T07:45:57.220Z,182094b2-cb44-4d47-bcdf-004656abc385,experiment,EDITOR,COPY_TEXT,,19,""
2026-05-10T07:45:57.860Z,182094b2-cb44-4d47-bcdf-004656abc385,experiment,EDITOR,COPY_TEXT,,21235,""
2026-05-10T07:45:58.889Z,182094b2-cb44-4d47-bcdf-004656abc385,experiment,EDITOR,WINDOW_BLUR,,0,""
2026-05-10T07:46:18.859Z,182094b2-cb44-4d47-bcdf-004656abc385,experiment,EDITOR,WINDOW_FOCUS,,1,""
2026-05-10T07:46:23.939Z,182094b2-cb44-4d47-bcdf-004656abc385,experiment,EDITOR,COPY_TEXT,,1293,""
2026-05-10T07:46:28.336Z,182094b2-cb44-4d47-bcdf-004656abc385,experiment,EDITOR,COPY_TEXT,,5936,""
2026-05-10T07:46:29.437Z,182094b2-cb44-4d47-bcdf-004656abc385,experiment,EDITOR,WINDOW_BLUR,,0,""
2026-05-10T07:46:53.447Z,182094b2-cb44-4d47-bcdf-004656abc385,experiment,EDITOR,WINDOW_FOCUS,,1,""
2026-05-10T07:46:53.638Z,182094b2-cb44-4d47-bcdf-004656abc385,experiment,EDITOR,COPY_TEXT,,21235,""
2026-05-10T07:46:54.611Z,182094b2-cb44-4d47-bcdf-004656abc385,experiment,EDITOR,COPY_TEXT,,21235,""
2026-05-10T07:46:55.157Z,182094b2-cb44-4d47-bcdf-004656abc385,experiment,EDITOR,WINDOW_BLUR,,0,""
2026-05-10T07:46:58.854Z,182094b2-cb44-4d47-bcdf-004656abc385,experiment,EDITOR,WINDOW_FOCUS,,1,""
2026-05-10T07:46:59.002Z,182094b2-cb44-4d47-bcdf-004656abc385,experiment,EDITOR,COPY_TEXT,,5936,""
2026-05-10T07:46:59.743Z,182094b2-cb44-4d47-bcdf-004656abc385,experiment,EDITOR,COPY_TEXT,,5936,""
2026-05-10T07:47:01.137Z,182094b2-cb44-4d47-bcdf-004656abc385,experiment,EDITOR,WINDOW_BLUR,,0,""
2026-05-10T07:47:04.911Z,182094b2-cb44-4d47-bcdf-004656abc385,experiment,EDITOR,WINDOW_FOCUS,,1,""
2026-05-10T07:47:05.763Z,182094b2-cb44-4d47-bcdf-004656abc385,experiment,EDITOR,COPY_TEXT,,3707,""
2026-05-10T07:47:06.821Z,182094b2-cb44-4d47-bcdf-004656abc385,experiment,EDITOR,WINDOW_BLUR,,0,""
2026-05-10T07:47:09.765Z,182094b2-cb44-4d47-bcdf-004656abc385,experiment,EDITOR,WINDOW_FOCUS,,1,""
2026-05-10T07:47:09.953Z,182094b2-cb44-4d47-bcdf-004656abc385,experiment,EDITOR,COPY_TEXT,,1326,""
2026-05-10T07:47:10.770Z,182094b2-cb44-4d47-bcdf-004656abc385,experiment,EDITOR,COPY_TEXT,,1326,""
2026-05-10T07:47:12.093Z,182094b2-cb44-4d47-bcdf-004656abc385,experiment,EDITOR,WINDOW_BLUR,,0,""
2026-05-10T07:47:15.063Z,182094b2-cb44-4d47-bcdf-004656abc385,experiment,EDITOR,WINDOW_FOCUS,,1,""
2026-05-10T07:47:16.018Z,182094b2-cb44-4d47-bcdf-004656abc385,experiment,EDITOR,COPY_TEXT,,5421,""
2026-05-10T07:47:17.163Z,182094b2-cb44-4d47-bcdf-004656abc385,experiment,EDITOR,WINDOW_BLUR,,0,""
2026-05-10T07:47:19.546Z,182094b2-cb44-4d47-bcdf-004656abc385,experiment,EDITOR,WINDOW_FOCUS,,1,""
2026-05-10T07:47:20.596Z,182094b2-cb44-4d47-bcdf-004656abc385,experiment,EDITOR,COPY_TEXT,,6890,""
2026-05-10T07:47:22.472Z,182094b2-cb44-4d47-bcdf-004656abc385,experiment,EDITOR,COPY_TEXT,,1697,""
2026-05-10T07:47:23.450Z,182094b2-cb44-4d47-bcdf-004656abc385,experiment,EDITOR,COPY_TEXT,,5970,""
2026-05-10T07:47:24.342Z,182094b2-cb44-4d47-bcdf-004656abc385,experiment,EDITOR,WINDOW_BLUR,,0,""
2026-05-10T07:47:27.091Z,182094b2-cb44-4d47-bcdf-004656abc385,experiment,EDITOR,WINDOW_FOCUS,,1,""
2026-05-10T07:47:27.271Z,182094b2-cb44-4d47-bcdf-004656abc385,experiment,EDITOR,COPY_TEXT,,1697,""
2026-05-10T07:47:27.711Z,182094b2-cb44-4d47-bcdf-004656abc385,experiment,EDITOR,COPY_TEXT,,1697,""
2026-05-10T07:47:28.587Z,182094b2-cb44-4d47-bcdf-004656abc385,experiment,EDITOR,WINDOW_BLUR,,0,""
2026-05-10T07:47:31.115Z,182094b2-cb44-4d47-bcdf-004656abc385,experiment,EDITOR,WINDOW_FOCUS,,1,""
2026-05-10T07:47:38.121Z,182094b2-cb44-4d47-bcdf-004656abc385,experiment,EDITOR,COPY_TEXT,,9824,""
2026-05-10T07:47:39.046Z,182094b2-cb44-4d47-bcdf-004656abc385,experiment,EDITOR,WINDOW_BLUR,,0,""
2026-05-10T07:47:42.327Z,182094b2-cb44-4d47-bcdf-004656abc385,experiment,EDITOR,WINDOW_FOCUS,,1,""
2026-05-10T07:47:43.077Z,182094b2-cb44-4d47-bcdf-004656abc385,experiment,EDITOR,COPY_TEXT,,1873,""
2026-05-10T07:47:44.154Z,182094b2-cb44-4d47-bcdf-004656abc385,experiment,EDITOR,WINDOW_BLUR,,0,""
2026-05-10T07:47:46.469Z,182094b2-cb44-4d47-bcdf-004656abc385,experiment,EDITOR,WINDOW_FOCUS,,1,""
2026-05-10T07:47:54.603Z,182094b2-cb44-4d47-bcdf-004656abc385,experiment,EDITOR,COPY_TEXT,,2682,""
2026-05-10T07:47:55.485Z,182094b2-cb44-4d47-bcdf-004656abc385,experiment,EDITOR,COPY_TEXT,,4069,""
2026-05-10T07:47:56.126Z,182094b2-cb44-4d47-bcdf-004656abc385,experiment,EDITOR,COPY_TEXT,,4069,""
2026-05-10T07:47:57.453Z,182094b2-cb44-4d47-bcdf-004656abc385,experiment,EDITOR,WINDOW_BLUR,,0,""
2026-05-10T07:48:01.265Z,182094b2-cb44-4d47-bcdf-004656abc385,experiment,EDITOR,WINDOW_FOCUS,,1,""
2026-05-10T07:48:06.177Z,182094b2-cb44-4d47-bcdf-004656abc385,experiment,EDITOR,COPY_TEXT,,13946,""
2026-05-10T07:48:06.978Z,182094b2-cb44-4d47-bcdf-004656abc385,experiment,EDITOR,WINDOW_BLUR,,0,""
2026-05-10T07:48:09.708Z,182094b2-cb44-4d47-bcdf-004656abc385,experiment,EDITOR,WINDOW_FOCUS,,1,""
2026-05-10T07:48:11.625Z,182094b2-cb44-4d47-bcdf-004656abc385,experiment,EDITOR,WINDOW_BLUR,,0,""
2026-05-10T07:48:57.833Z,182094b2-cb44-4d47-bcdf-004656abc385,experiment,EDITOR,WINDOW_BLUR,,0,""
2026-05-10T07:49:36.409Z,182094b2-cb44-4d47-bcdf-004656abc385,experiment,EDITOR,WINDOW_FOCUS,,1,""
2026-05-10T07:49:48.367Z,182094b2-cb44-4d47-bcdf-004656abc385,experiment,EDITOR,WINDOW_FOCUS,,1,""
2026-05-10T07:49:54.052Z,182094b2-cb44-4d47-bcdf-004656abc385,experiment,EDITOR,WINDOW_BLUR,,0,""
2026-05-10T07:49:55.233Z,182094b2-cb44-4d47-bcdf-004656abc385,experiment,EDITOR,WINDOW_FOCUS,,1,""
2026-05-10T07:49:55.384Z,182094b2-cb44-4d47-bcdf-004656abc385,experiment,EDITOR,COPY_TEXT,,152,""
2026-05-10T07:49:58.791Z,182094b2-cb44-4d47-bcdf-004656abc385,experiment,EDITOR,WINDOW_BLUR,,0,""
2026-05-10T07:50:08.113Z,182094b2-cb44-4d47-bcdf-004656abc385,experiment,EDITOR,WINDOW_FOCUS,,1,""
2026-05-10T07:50:10.516Z,182094b2-cb44-4d47-bcdf-004656abc385,experiment,EDITOR,COPY_TEXT,,1100,""
2026-05-10T07:50:34.241Z,182094b2-cb44-4d47-bcdf-004656abc385,experiment,EDITOR,WINDOW_BLUR,,0,""
2026-05-10T07:51:28.389Z,182094b2-cb44-4d47-bcdf-004656abc385,experiment,EDITOR,WINDOW_BLUR,,0,""
2026-05-10T07:53:44.033Z,182094b2-cb44-4d47-bcdf-004656abc385,experiment,EDITOR,WINDOW_BLUR,,0,""
2026-05-10T07:53:44.038Z,182094b2-cb44-4d47-bcdf-004656abc385,experiment,EDITOR,WINDOW_FOCUS,,1,""
2026-05-10T07:53:52.098Z,182094b2-cb44-4d47-bcdf-004656abc385,experiment,EDITOR,WINDOW_BLUR,,0,""
2026-05-10T07:53:54.294Z,182094b2-cb44-4d47-bcdf-004656abc385,experiment,EDITOR,WINDOW_FOCUS,,1,""
2026-05-10T07:54:03.031Z,182094b2-cb44-4d47-bcdf-004656abc385,experiment,EDITOR,WINDOW_BLUR,,0,""
2026-05-10T07:54:06.373Z,182094b2-cb44-4d47-bcdf-004656abc385,experiment,EDITOR,WINDOW_FOCUS,,1,""
2026-05-10T07:54:11.961Z,182094b2-cb44-4d47-bcdf-004656abc385,experiment,EDITOR,WINDOW_BLUR,,0,""
2026-05-10T07:54:20.504Z,182094b2-cb44-4d47-bcdf-004656abc385,experiment,EDITOR,WINDOW_FOCUS,,1,""
2026-05-10T07:54:29.433Z,182094b2-cb44-4d47-bcdf-004656abc385,experiment,EDITOR,WINDOW_BLUR,,0,""
2026-05-10T07:54:58.542Z,182094b2-cb44-4d47-bcdf-004656abc385,experiment,EDITOR,WINDOW_FOCUS,,1,""
2026-05-10T07:55:05.489Z,182094b2-cb44-4d47-bcdf-004656abc385,experiment,EDITOR,WINDOW_BLUR,,0,""
2026-05-10T07:55:16.136Z,182094b2-cb44-4d47-bcdf-004656abc385,experiment,EDITOR,WINDOW_FOCUS,,1,""
2026-05-10T07:55:22.786Z,182094b2-cb44-4d47-bcdf-004656abc385,experiment,EDITOR,WINDOW_BLUR,,0,""
2026-05-10T07:55:28.190Z,182094b2-cb44-4d47-bcdf-004656abc385,experiment,EDITOR,WINDOW_FOCUS,,1,""
2026-05-10T07:56:32.961Z,182094b2-cb44-4d47-bcdf-004656abc385,experiment,SYSTEM,SESSION_START,,,"Extension Activated"
2026-05-10T07:57:23.694Z,182094b2-cb44-4d47-bcdf-004656abc385,experiment,EDITOR,WINDOW_BLUR,,0,""
2026-05-10T07:57:47.952Z,182094b2-cb44-4d47-bcdf-004656abc385,experiment,EDITOR,WINDOW_FOCUS,,1,""
2026-05-10T07:58:02.716Z,182094b2-cb44-4d47-bcdf-004656abc385,experiment,EDITOR,WINDOW_BLUR,,0,""
2026-05-10T07:58:07.080Z,182094b2-cb44-4d47-bcdf-004656abc385,experiment,EDITOR,WINDOW_FOCUS,,1,""
2026-05-10T07:58:45.830Z,182094b2-cb44-4d47-bcdf-004656abc385,experiment,EDITOR,WINDOW_BLUR,,0,""
2026-05-10T07:58:53.070Z,182094b2-cb44-4d47-bcdf-004656abc385,experiment,EDITOR,WINDOW_FOCUS,,1,""
2026-05-10T07:59:01.762Z,182094b2-cb44-4d47-bcdf-004656abc385,experiment,EDITOR,WINDOW_BLUR,,0,""
2026-05-10T07:59:05.359Z,182094b2-cb44-4d47-bcdf-004656abc385,experiment,EDITOR,WINDOW_FOCUS,,1,""
2026-05-10T07:59:08.441Z,182094b2-cb44-4d47-bcdf-004656abc385,experiment,EDITOR,WINDOW_BLUR,,0,""
2026-05-10T07:59:13.549Z,182094b2-cb44-4d47-bcdf-004656abc385,experiment,EDITOR,WINDOW_FOCUS,,1,""
2026-05-10T07:59:24.866Z,182094b2-cb44-4d47-bcdf-004656abc385,experiment,EDITOR,WINDOW_BLUR,,0,""
2026-05-10T07:59:27.365Z,182094b2-cb44-4d47-bcdf-004656abc385,experiment,EDITOR,WINDOW_FOCUS,,1,""
2026-05-10T07:59:35.803Z,182094b2-cb44-4d47-bcdf-004656abc385,experiment,EDITOR,WINDOW_BLUR,,0,""
2026-05-10T07:59:37.225Z,182094b2-cb44-4d47-bcdf-004656abc385,experiment,EDITOR,WINDOW_FOCUS,,1,""
2026-05-10T07:59:37.430Z,182094b2-cb44-4d47-bcdf-004656abc385,experiment,EDITOR,WINDOW_BLUR,,0,""
2026-05-10T07:59:53.372Z,182094b2-cb44-4d47-bcdf-004656abc385,experiment,EDITOR,WINDOW_FOCUS,,1,""
2026-05-10T08:00:23.124Z,182094b2-cb44-4d47-bcdf-004656abc385,experiment,EDITOR,WINDOW_FOCUS,,1,""
2026-05-10T08:00:34.083Z,182094b2-cb44-4d47-bcdf-004656abc385,experiment,EDITOR,WINDOW_FOCUS,,1,""
2026-05-10T08:00:48.592Z,182094b2-cb44-4d47-bcdf-004656abc385,experiment,EDITOR,WINDOW_BLUR,,0,""
2026-05-10T08:01:02.598Z,182094b2-cb44-4d47-bcdf-004656abc385,experiment,EDITOR,WINDOW_FOCUS,,1,""
2026-05-10T08:01:09.360Z,182094b2-cb44-4d47-bcdf-004656abc385,experiment,EDITOR,WINDOW_BLUR,,0,""
2026-05-10T08:01:10.571Z,182094b2-cb44-4d47-bcdf-004656abc385,experiment,EDITOR,WINDOW_FOCUS,,1,""
2026-05-10T08:01:12.040Z,182094b2-cb44-4d47-bcdf-004656abc385,experiment,EDITOR,WINDOW_BLUR,,0,""
2026-05-10T08:01:23.533Z,182094b2-cb44-4d47-bcdf-004656abc385,experiment,EDITOR,WINDOW_FOCUS,,1,""
2026-05-10T08:01:24.742Z,182094b2-cb44-4d47-bcdf-004656abc385,experiment,EDITOR,COPY_TEXT,,5936,""
2026-05-10T08:01:25.838Z,182094b2-cb44-4d47-bcdf-004656abc385,experiment,EDITOR,WINDOW_BLUR,,0,""
2026-05-10T08:01:30.450Z,182094b2-cb44-4d47-bcdf-004656abc385,experiment,EDITOR,WINDOW_FOCUS,,1,""
2026-05-10T08:02:02.278Z,182094b2-cb44-4d47-bcdf-004656abc385,experiment,EDITOR,WINDOW_BLUR,,0,""
2026-05-10T08:02:06.378Z,182094b2-cb44-4d47-bcdf-004656abc385,experiment,EDITOR,WINDOW_FOCUS,,1,""
2026-05-10T08:02:14.097Z,182094b2-cb44-4d47-bcdf-004656abc385,experiment,EDITOR,WINDOW_FOCUS,,1,""
2026-05-10T08:02:34.027Z,182094b2-cb44-4d47-bcdf-004656abc385,experiment,EDITOR,WINDOW_BLUR,,0,""
2026-05-10T08:02:36.945Z,182094b2-cb44-4d47-bcdf-004656abc385,experiment,EDITOR,WINDOW_BLUR,,0,""
2026-05-10T08:02:36.971Z,182094b2-cb44-4d47-bcdf-004656abc385,experiment,EDITOR,WINDOW_FOCUS,,1,""
2026-05-10T08:03:21.402Z,182094b2-cb44-4d47-bcdf-004656abc385,experiment,EDITOR,COPY_TEXT,,21235,""
2026-05-10T08:03:22.697Z,182094b2-cb44-4d47-bcdf-004656abc385,experiment,EDITOR,WINDOW_BLUR,,0,""
2026-05-10T08:03:33.179Z,182094b2-cb44-4d47-bcdf-004656abc385,experiment,EDITOR,WINDOW_FOCUS,,1,""
2026-05-10T08:03:39.436Z,182094b2-cb44-4d47-bcdf-004656abc385,experiment,EDITOR,WINDOW_BLUR,,0,""
2026-05-10T08:03:50.964Z,182094b2-cb44-4d47-bcdf-004656abc385,experiment,EDITOR,WINDOW_FOCUS,,1,""
2026-05-10T08:04:02.117Z,182094b2-cb44-4d47-bcdf-004656abc385,experiment,EDITOR,WINDOW_BLUR,,0,""
2026-05-10T08:04:16.945Z,182094b2-cb44-4d47-bcdf-004656abc385,experiment,EDITOR,WINDOW_BLUR,,0,""
2026-05-10T08:04:17.776Z,182094b2-cb44-4d47-bcdf-004656abc385,experiment,EDITOR,WINDOW_BLUR,,0,""
2026-05-10T08:04:17.811Z,182094b2-cb44-4d47-bcdf-004656abc385,experiment,EDITOR,WINDOW_FOCUS,,1,""
2026-05-10T08:04:30.226Z,182094b2-cb44-4d47-bcdf-004656abc385,experiment,EDITOR,COPY_TEXT,,21235,""
2026-05-10T08:04:39.490Z,182094b2-cb44-4d47-bcdf-004656abc385,experiment,EDITOR,WINDOW_BLUR,,0,""
2026-05-10T08:04:43.904Z,182094b2-cb44-4d47-bcdf-004656abc385,experiment,EDITOR,WINDOW_FOCUS,,1,""
2026-05-10T08:04:50.041Z,182094b2-cb44-4d47-bcdf-004656abc385,experiment,EDITOR,WINDOW_BLUR,,0,""
2026-05-10T08:05:43.253Z,182094b2-cb44-4d47-bcdf-004656abc385,experiment,EDITOR,WINDOW_FOCUS,,1,""
2026-05-10T08:05:51.911Z,182094b2-cb44-4d47-bcdf-004656abc385,experiment,EDITOR,WINDOW_BLUR,,0,""
2026-05-10T08:06:06.620Z,182094b2-cb44-4d47-bcdf-004656abc385,experiment,EDITOR,WINDOW_FOCUS,,1,""
2026-05-10T08:07:22.348Z,182094b2-cb44-4d47-bcdf-004656abc385,experiment,EDITOR,WINDOW_BLUR,,0,""
2026-05-10T08:07:25.649Z,182094b2-cb44-4d47-bcdf-004656abc385,experiment,EDITOR,WINDOW_FOCUS,,1,""
2026-05-10T08:08:12.450Z,182094b2-cb44-4d47-bcdf-004656abc385,experiment,EDITOR,WINDOW_BLUR,,0,""
2026-05-10T08:08:23.838Z,182094b2-cb44-4d47-bcdf-004656abc385,experiment,EDITOR,WINDOW_FOCUS,,1,""
2026-05-10T08:08:34.733Z,182094b2-cb44-4d47-bcdf-004656abc385,experiment,EDITOR,WINDOW_FOCUS,,1,""
2026-05-10T08:09:07.050Z,182094b2-cb44-4d47-bcdf-004656abc385,experiment,EDITOR,WINDOW_BLUR,,0,""
2026-05-10T08:09:08.674Z,182094b2-cb44-4d47-bcdf-004656abc385,experiment,EDITOR,WINDOW_FOCUS,,1,""
2026-05-10T08:09:11.161Z,182094b2-cb44-4d47-bcdf-004656abc385,experiment,EDITOR,WINDOW_FOCUS,,1,""
2026-05-10T08:09:41.837Z,182094b2-cb44-4d47-bcdf-004656abc385,experiment,EDITOR,COPY_TEXT,,369,""
2026-05-10T08:11:10.848Z,182094b2-cb44-4d47-bcdf-004656abc385,experiment,EDITOR,WINDOW_BLUR,,0,""
2026-05-10T08:11:19.881Z,182094b2-cb44-4d47-bcdf-004656abc385,experiment,EDITOR,WINDOW_FOCUS,,1,""
2026-05-10T08:11:23.023Z,182094b2-cb44-4d47-bcdf-004656abc385,experiment,EDITOR,WINDOW_BLUR,,0,""
2026-05-10T08:11:24.584Z,182094b2-cb44-4d47-bcdf-004656abc385,experiment,EDITOR,WINDOW_FOCUS,,1,""
2026-05-10T08:11:34.717Z,182094b2-cb44-4d47-bcdf-004656abc385,experiment,EDITOR,WINDOW_BLUR,,0,""
2026-05-10T08:11:37.079Z,182094b2-cb44-4d47-bcdf-004656abc385,experiment,EDITOR,WINDOW_FOCUS,,1,""
2026-05-10T08:11:48.812Z,182094b2-cb44-4d47-bcdf-004656abc385,experiment,EDITOR,WINDOW_BLUR,,0,""
2026-05-10T08:11:49.894Z,182094b2-cb44-4d47-bcdf-004656abc385,experiment,EDITOR,WINDOW_FOCUS,,1,""
2026-05-10T08:11:50.330Z,182094b2-cb44-4d47-bcdf-004656abc385,experiment,EDITOR,WINDOW_BLUR,,0,""
2026-05-10T08:12:16.620Z,182094b2-cb44-4d47-bcdf-004656abc385,experiment,EDITOR,WINDOW_FOCUS,,1,""
2026-05-10T08:12:35.654Z,182094b2-cb44-4d47-bcdf-004656abc385,experiment,EDITOR,WINDOW_BLUR,,0,""
2026-05-10T08:13:05.803Z,182094b2-cb44-4d47-bcdf-004656abc385,experiment,EDITOR,WINDOW_FOCUS,,1,""
2026-05-10T08:13:11.445Z,182094b2-cb44-4d47-bcdf-004656abc385,experiment,EDITOR,WINDOW_BLUR,,0,""
2026-05-10T08:13:29.548Z,182094b2-cb44-4d47-bcdf-004656abc385,experiment,EDITOR,WINDOW_FOCUS,,1,""
2026-05-10T08:13:38.368Z,182094b2-cb44-4d47-bcdf-004656abc385,experiment,EDITOR,WINDOW_BLUR,,0,""
2026-05-10T08:14:09.110Z,182094b2-cb44-4d47-bcdf-004656abc385,experiment,EDITOR,WINDOW_FOCUS,,1,""
2026-05-10T08:14:09.199Z,182094b2-cb44-4d47-bcdf-004656abc385,experiment,EDITOR,WINDOW_BLUR,,0,""
2026-05-10T08:14:10.131Z,182094b2-cb44-4d47-bcdf-004656abc385,experiment,EDITOR,WINDOW_FOCUS,,1,""
2026-05-10T08:14:15.116Z,182094b2-cb44-4d47-bcdf-004656abc385,experiment,EDITOR,WINDOW_BLUR,,0,""
2026-05-10T08:14:47.005Z,182094b2-cb44-4d47-bcdf-004656abc385,experiment,EDITOR,WINDOW_FOCUS,,1,""
2026-05-10T08:14:47.082Z,182094b2-cb44-4d47-bcdf-004656abc385,experiment,EDITOR,WINDOW_BLUR,,0,""
2026-05-10T08:14:48.039Z,182094b2-cb44-4d47-bcdf-004656abc385,experiment,EDITOR,WINDOW_FOCUS,,1,""
2026-05-10T08:15:39.516Z,182094b2-cb44-4d47-bcdf-004656abc385,experiment,EDITOR,COPY_TEXT,,369,""
2026-05-10T08:16:55.333Z,182094b2-cb44-4d47-bcdf-004656abc385,experiment,EDITOR,WINDOW_BLUR,,0,""
2026-05-10T08:17:17.443Z,182094b2-cb44-4d47-bcdf-004656abc385,experiment,EDITOR,WINDOW_FOCUS,,1,""
2026-05-10T08:17:19.582Z,182094b2-cb44-4d47-bcdf-004656abc385,experiment,EDITOR,WINDOW_BLUR,,0,""
2026-05-10T08:17:21.177Z,182094b2-cb44-4d47-bcdf-004656abc385,experiment,EDITOR,WINDOW_BLUR,,0,""
2026-05-10T08:17:33.257Z,182094b2-cb44-4d47-bcdf-004656abc385,experiment,EDITOR,WINDOW_FOCUS,,1,""
2026-05-10T08:17:35.532Z,182094b2-cb44-4d47-bcdf-004656abc385,experiment,EDITOR,WINDOW_BLUR,,0,""
2026-05-10T08:17:46.877Z,182094b2-cb44-4d47-bcdf-004656abc385,experiment,EDITOR,WINDOW_FOCUS,,1,""
2026-05-10T08:18:40.054Z,182094b2-cb44-4d47-bcdf-004656abc385,experiment,EDITOR,WINDOW_BLUR,,0,""
2026-05-10T08:19:24.314Z,182094b2-cb44-4d47-bcdf-004656abc385,experiment,EDITOR,WINDOW_FOCUS,,1,""
2026-05-10T08:19:28.776Z,182094b2-cb44-4d47-bcdf-004656abc385,experiment,EDITOR,WINDOW_BLUR,,0,""
2026-05-10T08:19:37.303Z,182094b2-cb44-4d47-bcdf-004656abc385,experiment,EDITOR,WINDOW_FOCUS,,1,""
2026-05-10T08:19:38.406Z,182094b2-cb44-4d47-bcdf-004656abc385,experiment,EDITOR,WINDOW_BLUR,,0,""
2026-05-10T08:19:53.694Z,182094b2-cb44-4d47-bcdf-004656abc385,experiment,EDITOR,WINDOW_BLUR,,0,""
2026-05-10T08:19:53.696Z,182094b2-cb44-4d47-bcdf-004656abc385,experiment,EDITOR,WINDOW_FOCUS,,1,""
2026-05-10T08:19:54.757Z,182094b2-cb44-4d47-bcdf-004656abc385,experiment,EDITOR,WINDOW_BLUR,,0,""
2026-05-10T08:20:41.051Z,182094b2-cb44-4d47-bcdf-004656abc385,experiment,EDITOR,WINDOW_FOCUS,,1,""
2026-05-10T08:20:42.223Z,182094b2-cb44-4d47-bcdf-004656abc385,experiment,EDITOR,WINDOW_BLUR,,0,""
2026-05-10T08:20:48.060Z,182094b2-cb44-4d47-bcdf-004656abc385,experiment,EDITOR,WINDOW_FOCUS,,1,""
2026-05-10T08:21:03.697Z,182094b2-cb44-4d47-bcdf-004656abc385,experiment,EDITOR,WINDOW_FOCUS,,1,""
2026-05-10T08:21:03.951Z,182094b2-cb44-4d47-bcdf-004656abc385,experiment,EDITOR,WINDOW_FOCUS,,1,""
2026-05-10T08:21:45.692Z,182094b2-cb44-4d47-bcdf-004656abc385,experiment,EDITOR,WINDOW_BLUR,,0,""
2026-05-10T08:22:13.644Z,182094b2-cb44-4d47-bcdf-004656abc385,experiment,EDITOR,WINDOW_FOCUS,,1,""
2026-05-10T08:22:40.920Z,182094b2-cb44-4d47-bcdf-004656abc385,experiment,EDITOR,COPY_TEXT,,5421,""
2026-05-10T08:23:17.834Z,182094b2-cb44-4d47-bcdf-004656abc385,experiment,EDITOR,WINDOW_BLUR,,0,""
2026-05-10T08:23:19.114Z,182094b2-cb44-4d47-bcdf-004656abc385,experiment,EDITOR,WINDOW_FOCUS,,1,""
2026-05-10T08:23:30.074Z,182094b2-cb44-4d47-bcdf-004656abc385,experiment,EDITOR,COPY_TEXT,,3828,""
2026-05-10T08:25:19.069Z,182094b2-cb44-4d47-bcdf-004656abc385,experiment,EDITOR,WINDOW_BLUR,,0,""
2026-05-10T08:25:53.638Z,182094b2-cb44-4d47-bcdf-004656abc385,experiment,EDITOR,WINDOW_BLUR,,0,""
2026-05-10T08:26:11.032Z,182094b2-cb44-4d47-bcdf-004656abc385,experiment,EDITOR,WINDOW_BLUR,,0,""
2026-05-10T08:26:11.047Z,182094b2-cb44-4d47-bcdf-004656abc385,experiment,EDITOR,WINDOW_FOCUS,,1,""
2026-05-10T08:26:25.676Z,182094b2-cb44-4d47-bcdf-004656abc385,experiment,EDITOR,WINDOW_BLUR,,0,""
2026-05-10T08:27:21.031Z,182094b2-cb44-4d47-bcdf-004656abc385,experiment,EDITOR,WINDOW_BLUR,,0,""
2026-05-10T08:27:51.593Z,182094b2-cb44-4d47-bcdf-004656abc385,experiment,EDITOR,WINDOW_FOCUS,,1,""
2026-05-10T08:28:00.058Z,182094b2-cb44-4d47-bcdf-004656abc385,experiment,EDITOR,WINDOW_FOCUS,,1,""
2026-05-10T08:28:40.037Z,182094b2-cb44-4d47-bcdf-004656abc385,experiment,EDITOR,WINDOW_BLUR,,0,""
2026-05-10T08:28:50.865Z,182094b2-cb44-4d47-bcdf-004656abc385,experiment,EDITOR,WINDOW_FOCUS,,1,""
2026-05-10T08:28:51.808Z,182094b2-cb44-4d47-bcdf-004656abc385,experiment,EDITOR,WINDOW_BLUR,,0,""
2026-05-10T08:29:10.069Z,182094b2-cb44-4d47-bcdf-004656abc385,experiment,EDITOR,WINDOW_BLUR,,0,""
2026-05-10T08:32:13.451Z,182094b2-cb44-4d47-bcdf-004656abc385,experiment,EDITOR,WINDOW_FOCUS,,1,""
2026-05-10T08:32:14.659Z,182094b2-cb44-4d47-bcdf-004656abc385,experiment,EDITOR,WINDOW_BLUR,,0,""
2026-05-10T08:32:14.934Z,182094b2-cb44-4d47-bcdf-004656abc385,experiment,EDITOR,WINDOW_FOCUS,,1,""
2026-05-10T08:32:16.445Z,182094b2-cb44-4d47-bcdf-004656abc385,experiment,EDITOR,WINDOW_BLUR,,0,""
2026-05-10T08:32:18.304Z,182094b2-cb44-4d47-bcdf-004656abc385,experiment,EDITOR,WINDOW_FOCUS,,1,""
2026-05-10T08:32:18.869Z,182094b2-cb44-4d47-bcdf-004656abc385,experiment,EDITOR,WINDOW_BLUR,,0,""
2026-05-10T08:32:36.824Z,182094b2-cb44-4d47-bcdf-004656abc385,experiment,EDITOR,WINDOW_FOCUS,,1,""
2026-05-10T08:32:49.482Z,182094b2-cb44-4d47-bcdf-004656abc385,experiment,EDITOR,WINDOW_FOCUS,,1,""
2026-05-10T08:34:29.501Z,182094b2-cb44-4d47-bcdf-004656abc385,experiment,EDITOR,WINDOW_FOCUS,,1,""
2026-05-10T08:38:44.129Z,182094b2-cb44-4d47-bcdf-004656abc385,experiment,EDITOR,WINDOW_FOCUS,,1,""
2026-05-10T08:39:10.034Z,182094b2-cb44-4d47-bcdf-004656abc385,experiment,EDITOR,WINDOW_BLUR,,0,""
2026-05-10T08:39:10.138Z,182094b2-cb44-4d47-bcdf-004656abc385,experiment,EDITOR,WINDOW_FOCUS,,1,""
2026-05-10T08:39:13.132Z,182094b2-cb44-4d47-bcdf-004656abc385,experiment,EDITOR,WINDOW_BLUR,,0,""
2026-05-10T08:39:13.247Z,182094b2-cb44-4d47-bcdf-004656abc385,experiment,EDITOR,WINDOW_FOCUS,,1,""
2026-05-10T08:39:13.837Z,182094b2-cb44-4d47-bcdf-004656abc385,experiment,EDITOR,WINDOW_BLUR,,0,""
2026-05-10T08:39:13.977Z,182094b2-cb44-4d47-bcdf-004656abc385,experiment,EDITOR,WINDOW_FOCUS,,1,""
2026-05-10T08:40:54.143Z,182094b2-cb44-4d47-bcdf-004656abc385,experiment,EDITOR,WINDOW_FOCUS,,1,""
2026-05-10T08:41:27.183Z,182094b2-cb44-4d47-bcdf-004656abc385,experiment,EDITOR,WINDOW_FOCUS,,1,""
2026-05-10T08:42:14.387Z,182094b2-cb44-4d47-bcdf-004656abc385,experiment,EDITOR,WINDOW_BLUR,,0,""
2026-05-10T08:42:15.675Z,182094b2-cb44-4d47-bcdf-004656abc385,experiment,EDITOR,WINDOW_FOCUS,,1,""
2026-05-10T08:42:17.042Z,182094b2-cb44-4d47-bcdf-004656abc385,experiment,EDITOR,WINDOW_BLUR,,0,""
2026-05-10T08:42:19.709Z,182094b2-cb44-4d47-bcdf-004656abc385,experiment,EDITOR,WINDOW_FOCUS,,1,""
2026-05-10T08:42:22.858Z,182094b2-cb44-4d47-bcdf-004656abc385,experiment,EDITOR,WINDOW_BLUR,,0,""
2026-05-10T08:42:24.969Z,182094b2-cb44-4d47-bcdf-004656abc385,experiment,EDITOR,WINDOW_FOCUS,,1,""
2026-05-10T08:43:37.185Z,182094b2-cb44-4d47-bcdf-004656abc385,experiment,EDITOR,WINDOW_FOCUS,,1,""
